query_index,query_image_id_metadata,predicted_candidate_index,predicted_candidate_image_id,predicted_candidate_concept,topk_candidate_image_ids,nearest_train_index,nearest_train_image_id,nearest_train_concept,score,output,source,source_kind,selection_note,prompt,leakage_policy
0,aircraft_carrier_06s,174,submarine_09s,submarine,submarine_09s;sailboat_05s;ferry_06s;cruise_ship_03s;aircraft_carrier_06s,5348,flashbulb_09s,flashbulb,0.14338430762290955,recons/experiments/diffusion_prompt/000.png,generated_diffusion_prompt,generated_diffusion_prompt,global_train_nearest,"a centered high quality photo of submarine, sailboat, ferry, simple background, natural color, sharp object",uses only train images or deterministic placeholders as reconstruction sources; never copies test ground truth images
1,antelope_01b,1,antelope_01b,antelope,antelope_01b;rhinoceros_09s;ostrich_03s;crow_11s;elephant_11n,15375,tulip_06s,tulip,0.13245685398578644,recons/experiments/diffusion_prompt/001.png,generated_diffusion_prompt,generated_diffusion_prompt,global_train_nearest,"a centered high quality photo of antelope, rhinoceros, ostrich, simple background, natural color, sharp object",uses only train images or deterministic placeholders as reconstruction sources; never copies test ground truth images
2,backscratcher_01b,2,backscratcher_01b,backscratcher,backscratcher_01b;sandpaper_08s;bullet_01s;balance_beam_04s;folder_11s,11524,reindeer_05s,reindeer,0.13315632939338684,recons/experiments/diffusion_prompt/002.png,generated_diffusion_prompt,generated_diffusion_prompt,global_train_nearest,"a centered high quality photo of backscratcher, sandpaper, bullet, simple background, natural color, sharp object",uses only train images or deterministic placeholders as reconstruction sources; never copies test ground truth images
3,balance_beam_04s,3,balance_beam_04s,balance_beam,balance_beam_04s;bench_01b;baseball_bat_10s;bush_07s;slide_04s,15711,videogame_02s,videogame,0.1531318724155426,recons/experiments/diffusion_prompt/003.png,generated_diffusion_prompt,generated_diffusion_prompt,global_train_nearest,"a centered high quality photo of balance beam, bench, baseball bat, simple background, natural color, sharp object",uses only train images or deterministic placeholders as reconstruction sources; never copies test ground truth images
4,banana_09s,81,garlic_12n,garlic,garlic_12n;egg_12s;banana_09s;spatula_08s;creme_brulee_01b,11339,raisin_10s,raisin,0.13504284620285034,recons/experiments/diffusion_prompt/004.png,generated_diffusion_prompt,generated_diffusion_prompt,global_train_nearest,"a centered high quality photo of garlic, egg, banana, simple background, natural color, sharp object",uses only train images or deterministic placeholders as reconstruction sources; never copies test ground truth images
5,baseball_bat_10s,5,baseball_bat_10s,baseball_bat,baseball_bat_10s;spatula_08s;chopsticks_11s;dagger_06s;bullet_01s,15676,vent_07s,vent,0.13087968528270721,recons/experiments/diffusion_prompt/005.png,generated_diffusion_prompt,generated_diffusion_prompt,global_train_nearest,"a centered high quality photo of baseball bat, spatula, chopsticks, simple background, natural color, sharp object",uses only train images or deterministic placeholders as reconstruction sources; never copies test ground truth images
6,basil_05s,157,scallion_04s,scallion,scallion_04s;pear_01b;basil_05s;orchid_05s;gondola_11s,10911,pothole_02s,pothole,0.147633358836174,recons/experiments/diffusion_prompt/006.png,generated_diffusion_prompt,generated_diffusion_prompt,global_train_nearest,"a centered high quality photo of scallion, pear, basil, simple background, natural color, sharp object",uses only train images or deterministic placeholders as reconstruction sources; never copies test ground truth images
7,basketball_05s,22,breadbox_01b,breadbox,breadbox_01b;basketball_05s;egg_12s;table_07s;highchair_04s,9237,mustache_08s,mustache,0.14052428305149078,recons/experiments/diffusion_prompt/007.png,generated_diffusion_prompt,generated_diffusion_prompt,global_train_nearest,"a centered high quality photo of breadbox, basketball, egg, simple background, natural color, sharp object",uses only train images or deterministic placeholders as reconstruction sources; never copies test ground truth images
8,bassoon_01b,8,bassoon_01b,bassoon,bassoon_01b;chime_08s;sailboat_05s;gondola_11s;cruise_ship_03s,6243,grill_04s,grill,0.14272375404834747,recons/experiments/diffusion_prompt/008.png,generated_diffusion_prompt,generated_diffusion_prompt,global_train_nearest,"a centered high quality photo of bassoon, chime, sailboat, simple background, natural color, sharp object",uses only train images or deterministic placeholders as reconstruction sources; never copies test ground truth images
9,baton4_05s,9,baton4_05s,baton4,baton4_05s;suit_13s;coverall_06s;handbrake_08s;tongs_12s,4325,dogfood_06s,dogfood,0.145509272813797,recons/experiments/diffusion_prompt/009.png,generated_diffusion_prompt,generated_diffusion_prompt,global_train_nearest,"a centered high quality photo of baton4, suit, coverall, simple background, natural color, sharp object",uses only train images or deterministic placeholders as reconstruction sources; never copies test ground truth images
10,batter_01b,10,batter_01b,batter,batter_01b;ice_cube_11s;ladle_13s;egg_12s;creme_brulee_01b,4501,drain_02s,drain,0.14040696620941162,recons/experiments/diffusion_prompt/010.png,generated_diffusion_prompt,generated_diffusion_prompt,global_train_nearest,"a centered high quality photo of batter, ice cube, ladle, simple background, natural color, sharp object",uses only train images or deterministic placeholders as reconstruction sources; never copies test ground truth images
11,beaver_04s,11,beaver_04s,beaver,beaver_04s;gopher_09s;possum_05s;gorilla_18s;piglet_02s,1646,boy_07s,boy,0.14180056750774384,recons/experiments/diffusion_prompt/011.png,generated_diffusion_prompt,generated_diffusion_prompt,global_train_nearest,"a centered high quality photo of beaver, gopher, possum, simple background, natural color, sharp object",uses only train images or deterministic placeholders as reconstruction sources; never copies test ground truth images
12,bench_01b,12,bench_01b,bench,bench_01b;balance_beam_04s;treadmill_11s;slide_04s;bush_07s,4005,cup_06s,cup,0.1463649719953537,recons/experiments/diffusion_prompt/012.png,generated_diffusion_prompt,generated_diffusion_prompt,global_train_nearest,"a centered high quality photo of bench, balance beam, treadmill, simple background, natural color, sharp object",uses only train images or deterministic placeholders as reconstruction sources; never copies test ground truth images
13,bike_22s,114,minivan_17s,minivan,minivan_17s;station_wagon_04s;bike_22s;unicycle_10s;bench_01b,13910,stove2_01b,stove2,0.1331484317779541,recons/experiments/diffusion_prompt/013.png,generated_diffusion_prompt,generated_diffusion_prompt,global_train_nearest,"a centered high quality photo of minivan, station wagon, bike, simple background, natural color, sharp object",uses only train images or deterministic placeholders as reconstruction sources; never copies test ground truth images
14,birthday_cake_01b,121,okra_14n,okra,okra_14n;scallion_04s;cashew_01b;egg_12s;birthday_cake_01b,15459,turntable_10s,turntable,0.16043643653392792,recons/experiments/diffusion_prompt/014.png,generated_diffusion_prompt,generated_diffusion_prompt,global_train_nearest,"a centered high quality photo of okra, scallion, cashew, simple background, natural color, sharp object",uses only train images or deterministic placeholders as reconstruction sources; never copies test ground truth images
15,blowtorch_08s,7,basketball_05s,basketball,basketball_05s;antelope_01b;baton4_05s;ostrich_03s;flamingo_05s,5648,frog_09s,frog,0.1506427526473999,recons/experiments/diffusion_prompt/015.png,generated_diffusion_prompt,generated_diffusion_prompt,global_train_nearest,"a centered high quality photo of basketball, antelope, baton4, simple background, natural color, sharp object",uses only train images or deterministic placeholders as reconstruction sources; never copies test ground truth images
16,boat_01b,153,sailboat_05s,sailboat,sailboat_05s;aircraft_carrier_06s;submarine_09s;ferry_06s;cruise_ship_03s,7232,icepick_03s,icepick,0.14486685395240784,recons/experiments/diffusion_prompt/016.png,generated_diffusion_prompt,generated_diffusion_prompt,global_train_nearest,"a centered high quality photo of sailboat, aircraft carrier, submarine, simple background, natural color, sharp object",uses only train images or deterministic placeholders as reconstruction sources; never copies test ground truth images
17,bok_choy_03s,173,strawberry_09n,strawberry,strawberry_09n;raspberry_10n;glove_11s;dragonfly_01b;bok_choy_03s,1387,bobsled_08s,bobsled,0.1268158107995987,recons/experiments/diffusion_prompt/017.png,generated_diffusion_prompt,generated_diffusion_prompt,global_train_nearest,"a centered high quality photo of strawberry, raspberry, glove, simple background, natural color, sharp object",uses only train images or deterministic placeholders as reconstruction sources; never copies test ground truth images
18,bonnet_08s,18,bonnet_08s,bonnet,bonnet_08s;headscarf_03s;muff_12s;lampshade_05s;duffel_bag_03s,11306,railing_07s,railing,0.13697952032089233,recons/experiments/diffusion_prompt/018.png,generated_diffusion_prompt,generated_diffusion_prompt,global_train_nearest,"a centered high quality photo of bonnet, headscarf, muff, simple background, natural color, sharp object",uses only train images or deterministic placeholders as reconstruction sources; never copies test ground truth images
19,bottle_opener_13s,19,bottle_opener_13s,bottle_opener,bottle_opener_13s;dreidel_01b;cd_player_02s;coffeemaker_13s;dagger_06s,12226,scoop_07s,scoop,0.16900581121444702,recons/experiments/diffusion_prompt/019.png,generated_diffusion_prompt,generated_diffusion_prompt,global_train_nearest,"a centered high quality photo of bottle opener, dreidel, cd player, simple background, natural color, sharp object",uses only train images or deterministic placeholders as reconstruction sources; never copies test ground truth images
20,brace_08s,65,dreidel_01b,dreidel,dreidel_01b;grenade_03s;brace_08s;headscarf_03s;lampshade_05s,746,baseball_glove_07s,baseball_glove,0.15679553151130676,recons/experiments/diffusion_prompt/020.png,generated_diffusion_prompt,generated_diffusion_prompt,global_train_nearest,"a centered high quality photo of dreidel, grenade, brace, simple background, natural color, sharp object",uses only train images or deterministic placeholders as reconstruction sources; never copies test ground truth images
21,bread_19s,112,meatloaf_12s,meatloaf,meatloaf_12s;bread_19s;sausage_04s;bun_01b;cheese_06s,8108,leotard_09s,leotard,0.15450967848300934,recons/experiments/diffusion_prompt/021.png,generated_diffusion_prompt,generated_diffusion_prompt,global_train_nearest,"a centered high quality photo of meatloaf, bread, sausage, simple background, natural color, sharp object",uses only train images or deterministic placeholders as reconstruction sources; never copies test ground truth images
22,breadbox_01b,22,breadbox_01b,breadbox,breadbox_01b;chest2_02s;treadmill_11s;top_hat_13s;nightstand_05s,9237,mustache_08s,mustache,0.14052428305149078,recons/experiments/diffusion_prompt/022.png,generated_diffusion_prompt,generated_diffusion_prompt,global_train_nearest,"a centered high quality photo of breadbox, chest2, treadmill, simple background, natural color, sharp object",uses only train images or deterministic placeholders as reconstruction sources; never copies test ground truth images
23,bug_08s,109,lightning_bug_11s,lightning_bug,lightning_bug_11s;bug_08s;grasshopper_06s;dragonfly_01b;crab_17s,8963,mold1_04s,mold1,0.14425748586654663,recons/experiments/diffusion_prompt/023.png,generated_diffusion_prompt,generated_diffusion_prompt,global_train_nearest,"a centered high quality photo of lightning bug, bug, grasshopper, simple background, natural color, sharp object",uses only train images or deterministic placeholders as reconstruction sources; never copies test ground truth images
24,buggy_07s,24,buggy_07s,buggy,buggy_07s;golf_cart_06s;bush_07s;sleeping_bag_01b;cart_09s,11493,red_carpet_04s,red_carpet,0.14878587424755096,recons/experiments/diffusion_prompt/024.png,generated_diffusion_prompt,generated_diffusion_prompt,global_train_nearest,"a centered high quality photo of buggy, golf cart, bush, simple background, natural color, sharp object",uses only train images or deterministic placeholders as reconstruction sources; never copies test ground truth images
25,bullet_01s,25,bullet_01s,bullet,bullet_01s;wok_12s;cleaver_07s;spatula_08s;spoon_04s,7442,jellyfish_03s,jellyfish,0.17262989282608032,recons/experiments/diffusion_prompt/025.png,generated_diffusion_prompt,generated_diffusion_prompt,global_train_nearest,"a centered high quality photo of bullet, wok, cleaver, simple background, natural color, sharp object",uses only train images or deterministic placeholders as reconstruction sources; never copies test ground truth images
26,bun_01b,112,meatloaf_12s,meatloaf,meatloaf_12s;tomato_sauce_02s;sausage_04s;pie_18s;cashew_01b,8108,leotard_09s,leotard,0.15450967848300934,recons/experiments/diffusion_prompt/026.png,generated_diffusion_prompt,generated_diffusion_prompt,global_train_nearest,"a centered high quality photo of meatloaf, tomato sauce, sausage, simple background, natural color, sharp object",uses only train images or deterministic placeholders as reconstruction sources; never copies test ground truth images
27,bush_07s,27,bush_07s,bush,bush_07s;seaweed_07s;boat_01b;bench_01b;balance_beam_04s,9186,mug_07s,mug,0.16769593954086304,recons/experiments/diffusion_prompt/027.png,generated_diffusion_prompt,generated_diffusion_prompt,global_train_nearest,"a centered high quality photo of bush, seaweed, boat, simple background, natural color, sharp object",uses only train images or deterministic placeholders as reconstruction sources; never copies test ground truth images
28,calamari_01b,28,calamari_01b,calamari,calamari_01b;tomato_sauce_02s;popcorn_07s;omelet_10s;crepe_18s,2705,charcoal_06s,charcoal,0.20992594957351685,recons/experiments/diffusion_prompt/028.png,generated_diffusion_prompt,generated_diffusion_prompt,global_train_nearest,"a centered high quality photo of calamari, tomato sauce, popcorn, simple background, natural color, sharp object",uses only train images or deterministic placeholders as reconstruction sources; never copies test ground truth images
29,candlestick_04s,40,chime_08s,chime,chime_08s;scooter_07s;bassoon_01b;sailboat_05s;stethoscope_11s,8508,mailbox_09s,mailbox,0.14416635036468506,recons/experiments/diffusion_prompt/029.png,generated_diffusion_prompt,generated_diffusion_prompt,global_train_nearest,"a centered high quality photo of chime, scooter, bassoon, simple background, natural color, sharp object",uses only train images or deterministic placeholders as reconstruction sources; never copies test ground truth images
30,cart_09s,30,cart_09s,cart,cart_09s;crib_14n;balance_beam_04s;sled_10s;bench_01b,11670,robe_01s,robe,0.13933002948760986,recons/experiments/diffusion_prompt/030.png,generated_diffusion_prompt,generated_diffusion_prompt,global_train_nearest,"a centered high quality photo of cart, crib, balance beam, simple background, natural color, sharp object",uses only train images or deterministic placeholders as reconstruction sources; never copies test ground truth images
31,cashew_01b,28,calamari_01b,calamari,calamari_01b;cashew_01b;popcorn_07s;tomato_sauce_02s;mussel_11s,2705,charcoal_06s,charcoal,0.20992594957351685,recons/experiments/diffusion_prompt/031.png,generated_diffusion_prompt,generated_diffusion_prompt,global_train_nearest,"a centered high quality photo of calamari, cashew, popcorn, simple background, natural color, sharp object",uses only train images or deterministic placeholders as reconstruction sources; never copies test ground truth images
32,cat_01b,32,cat_01b,cat,cat_01b;piglet_02s;possum_05s;gorilla_18s;gopher_09s,7238,icepick_09s,icepick,0.13709864020347595,recons/experiments/diffusion_prompt/032.png,generated_diffusion_prompt,generated_diffusion_prompt,global_train_nearest,"a centered high quality photo of cat, piglet, possum, simple background, natural color, sharp object",uses only train images or deterministic placeholders as reconstruction sources; never copies test ground truth images
33,caterpillar_03s,109,lightning_bug_11s,lightning_bug,lightning_bug_11s;grasshopper_06s;caterpillar_03s;bug_08s;dragonfly_01b,8963,mold1_04s,mold1,0.14425748586654663,recons/experiments/diffusion_prompt/033.png,generated_diffusion_prompt,generated_diffusion_prompt,global_train_nearest,"a centered high quality photo of lightning bug, grasshopper, caterpillar, simple background, natural color, sharp object",uses only train images or deterministic placeholders as reconstruction sources; never copies test ground truth images
34,cd_player_02s,34,cd_player_02s,cd_player,cd_player_02s;television_12s;modem_04s;dreidel_01b;egg_12s,15613,van_04s,van,0.13598495721817017,recons/experiments/diffusion_prompt/034.png,generated_diffusion_prompt,generated_diffusion_prompt,global_train_nearest,"a centered high quality photo of cd player, television, modem, simple background, natural color, sharp object",uses only train images or deterministic placeholders as reconstruction sources; never copies test ground truth images
35,chain_01b,35,chain_01b,chain,chain_01b;backscratcher_01b;pickax_05s;spatula_08s;bullet_01s,6028,goblet_09s,goblet,0.13665570318698883,recons/experiments/diffusion_prompt/035.png,generated_diffusion_prompt,generated_diffusion_prompt,global_train_nearest,"a centered high quality photo of chain, backscratcher, pickax, simple background, natural color, sharp object",uses only train images or deterministic placeholders as reconstruction sources; never copies test ground truth images
36,chaps_18s,44,coat_01b,coat,coat_01b;coverall_06s;pajamas_13s;chaps_18s;muff_12s,5769,gargoyle_10s,gargoyle,0.15896166861057281,recons/experiments/diffusion_prompt/036.png,generated_diffusion_prompt,generated_diffusion_prompt,global_train_nearest,"a centered high quality photo of coat, coverall, pajamas, simple background, natural color, sharp object",uses only train images or deterministic placeholders as reconstruction sources; never copies test ground truth images
37,cheese_06s,37,cheese_06s,cheese,cheese_06s;cordon_bleu_08s;bun_01b;croissant_06s;sausage_04s,9670,paddle_01s,paddle,0.12799502909183502,recons/experiments/diffusion_prompt/037.png,generated_diffusion_prompt,generated_diffusion_prompt,global_train_nearest,"a centered high quality photo of cheese, cordon bleu, bun, simple background, natural color, sharp object",uses only train images or deterministic placeholders as reconstruction sources; never copies test ground truth images
38,cheetah_05s,38,cheetah_05s,cheetah,cheetah_05s;gopher_09s;beaver_04s;lamb_01b;possum_05s,4969,face_10s,face,0.16084250807762146,recons/experiments/diffusion_prompt/038.png,generated_diffusion_prompt,generated_diffusion_prompt,global_train_nearest,"a centered high quality photo of cheetah, gopher, beaver, simple background, natural color, sharp object",uses only train images or deterministic placeholders as reconstruction sources; never copies test ground truth images
39,chest2_02s,39,chest2_02s,chest2,chest2_02s;rug_09s;nightstand_05s;tape_recorder_01b;purse_06s,10954,power_line_05s,power_line,0.1408354789018631,recons/experiments/diffusion_prompt/039.png,generated_diffusion_prompt,generated_diffusion_prompt,global_train_nearest,"a centered high quality photo of chest2, rug, nightstand, simple background, natural color, sharp object",uses only train images or deterministic placeholders as reconstruction sources; never copies test ground truth images
40,chime_08s,40,chime_08s,chime,chime_08s;treadmill_11s;baseball_bat_10s;chopsticks_11s;bush_07s,8508,mailbox_09s,mailbox,0.14416635036468506,recons/experiments/diffusion_prompt/040.png,generated_diffusion_prompt,generated_diffusion_prompt,global_train_nearest,"a centered high quality photo of chime, treadmill, baseball bat, simple background, natural color, sharp object",uses only train images or deterministic placeholders as reconstruction sources; never copies test ground truth images
41,chopsticks_11s,41,chopsticks_11s,chopsticks,chopsticks_11s;pickax_05s;baseball_bat_10s;bullet_01s;backscratcher_01b,1351,boar_02s,boar,0.12568363547325134,recons/experiments/diffusion_prompt/041.png,generated_diffusion_prompt,generated_diffusion_prompt,global_train_nearest,"a centered high quality photo of chopsticks, pickax, baseball bat, simple background, natural color, sharp object",uses only train images or deterministic placeholders as reconstruction sources; never copies test ground truth images
42,cleat_09s,42,cleat_09s,cleat,cleat_09s;pear_01b;scallion_04s;glove_11s;basil_05s,6001,goalpost_02s,goalpost,0.14452700316905975,recons/experiments/diffusion_prompt/042.png,generated_diffusion_prompt,generated_diffusion_prompt,global_train_nearest,"a centered high quality photo of cleat, pear, scallion, simple background, natural color, sharp object",uses only train images or deterministic placeholders as reconstruction sources; never copies test ground truth images
43,cleaver_07s,43,cleaver_07s,cleaver,cleaver_07s;egg_12s;espresso_01b;dreidel_01b;chain_01b,11980,sandbag_01b,sandbag,0.13406109809875488,recons/experiments/diffusion_prompt/043.png,generated_diffusion_prompt,generated_diffusion_prompt,global_train_nearest,"a centered high quality photo of cleaver, egg, espresso, simple background, natural color, sharp object",uses only train images or deterministic placeholders as reconstruction sources; never copies test ground truth images
44,coat_01b,44,coat_01b,coat,coat_01b;pajamas_13s;coverall_06s;hoodie_08s;suit_13s,5769,gargoyle_10s,gargoyle,0.15896166861057281,recons/experiments/diffusion_prompt/044.png,generated_diffusion_prompt,generated_diffusion_prompt,global_train_nearest,"a centered high quality photo of coat, pajamas, coverall, simple background, natural color, sharp object",uses only train images or deterministic placeholders as reconstruction sources; never copies test ground truth images
45,cobra_01b,45,cobra_01b,cobra,cobra_01b;antelope_01b;pheasant_20s;lightning_bug_11s;turkey_01s,5128,filter_09s,filter,0.1337607353925705,recons/experiments/diffusion_prompt/045.png,generated_diffusion_prompt,generated_diffusion_prompt,global_train_nearest,"a centered high quality photo of cobra, antelope, pheasant, simple background, natural color, sharp object",uses only train images or deterministic placeholders as reconstruction sources; never copies test ground truth images
46,coconut_01b,37,cheese_06s,cheese,cheese_06s;coconut_01b;bun_01b;creme_brulee_01b;espresso_01b,9670,paddle_01s,paddle,0.12799502909183502,recons/experiments/diffusion_prompt/046.png,generated_diffusion_prompt,generated_diffusion_prompt,global_train_nearest,"a centered high quality photo of cheese, coconut, bun, simple background, natural color, sharp object",uses only train images or deterministic placeholders as reconstruction sources; never copies test ground truth images
47,coffee_bean_01b,47,coffee_bean_01b,coffee_bean,coffee_bean_01b;jelly_bean_06s;mussel_11s;cashew_01b;croissant_06s,9050,moss_01b,moss,0.13132506608963013,recons/experiments/diffusion_prompt/047.png,generated_diffusion_prompt,generated_diffusion_prompt,global_train_nearest,"a centered high quality photo of coffee bean, jelly bean, mussel, simple background, natural color, sharp object",uses only train images or deterministic placeholders as reconstruction sources; never copies test ground truth images
48,coffeemaker_13s,48,coffeemaker_13s,coffeemaker,coffeemaker_13s;treadmill_11s;tape_recorder_01b;music_box_06s;nightstand_05s,2932,chipmunk_03n,chipmunk,0.1349259912967682,recons/experiments/diffusion_prompt/048.png,generated_diffusion_prompt,generated_diffusion_prompt,global_train_nearest,"a centered high quality photo of coffeemaker, treadmill, tape recorder, simple background, natural color, sharp object",uses only train images or deterministic placeholders as reconstruction sources; never copies test ground truth images
49,cookie_09s,112,meatloaf_12s,meatloaf,meatloaf_12s;cookie_09s;tomato_sauce_02s;croissant_06s;crepe_18s,8108,leotard_09s,leotard,0.15450967848300934,recons/experiments/diffusion_prompt/049.png,generated_diffusion_prompt,generated_diffusion_prompt,global_train_nearest,"a centered high quality photo of meatloaf, cookie, tomato sauce, simple background, natural color, sharp object",uses only train images or deterministic placeholders as reconstruction sources; never copies test ground truth images
50,cordon_bleu_08s,50,cordon_bleu_08s,cordon_bleu,cordon_bleu_08s;crepe_18s;croissant_06s;meatloaf_12s;pie_18s,6543,handkerchief_04s,handkerchief,0.13443830609321594,recons/experiments/diffusion_prompt/050.png,generated_diffusion_prompt,generated_diffusion_prompt,global_train_nearest,"a centered high quality photo of cordon bleu, crepe, croissant, simple background, natural color, sharp object",uses only train images or deterministic placeholders as reconstruction sources; never copies test ground truth images
51,coverall_06s,51,coverall_06s,coverall,coverall_06s;pajamas_13s;coat_01b;suit_13s;chaps_18s,5324,flamethrower_05s,flamethrower,0.14084652066230774,recons/experiments/diffusion_prompt/051.png,generated_diffusion_prompt,generated_diffusion_prompt,global_train_nearest,"a centered high quality photo of coverall, pajamas, coat, simple background, natural color, sharp object",uses only train images or deterministic placeholders as reconstruction sources; never copies test ground truth images
52,crab_17s,52,crab_17s,crab,crab_17s;grasshopper_06s;flamingo_05s;rhinoceros_09s;mosquito_02s,14184,sweeper_05s,sweeper,0.1391730010509491,recons/experiments/diffusion_prompt/052.png,generated_diffusion_prompt,generated_diffusion_prompt,global_train_nearest,"a centered high quality photo of crab, grasshopper, flamingo, simple background, natural color, sharp object",uses only train images or deterministic placeholders as reconstruction sources; never copies test ground truth images
53,creme_brulee_01b,53,creme_brulee_01b,creme_brulee,creme_brulee_01b;cheese_06s;meatloaf_12s;crumb_12s;bread_19s,7528,jug_09s,jug,0.1426306664943695,recons/experiments/diffusion_prompt/053.png,generated_diffusion_prompt,generated_diffusion_prompt,global_train_nearest,"a centered high quality photo of creme brulee, cheese, meatloaf, simple background, natural color, sharp object",uses only train images or deterministic placeholders as reconstruction sources; never copies test ground truth images
54,crepe_18s,54,crepe_18s,crepe,crepe_18s;calamari_01b;omelet_10s;meatloaf_12s;pie_18s,3452,computer_03n,computer,0.13127464056015015,recons/experiments/diffusion_prompt/054.png,generated_diffusion_prompt,generated_diffusion_prompt,global_train_nearest,"a centered high quality photo of crepe, calamari, omelet, simple background, natural color, sharp object",uses only train images or deterministic placeholders as reconstruction sources; never copies test ground truth images
55,crib_14n,55,crib_14n,crib,crib_14n;laundry_basket_12s;highchair_04s;freezer_04s;breadbox_01b,5161,fire_alarm_02s,fire_alarm,0.13698136806488037,recons/experiments/diffusion_prompt/055.png,generated_diffusion_prompt,generated_diffusion_prompt,global_train_nearest,"a centered high quality photo of crib, laundry basket, highchair, simple background, natural color, sharp object",uses only train images or deterministic placeholders as reconstruction sources; never copies test ground truth images
56,croissant_06s,56,croissant_06s,croissant,croissant_06s;meatloaf_12s;cookie_09s;sausage_04s;bread_19s,15107,trailer_08s,trailer,0.14327162504196167,recons/experiments/diffusion_prompt/056.png,generated_diffusion_prompt,generated_diffusion_prompt,global_train_nearest,"a centered high quality photo of croissant, meatloaf, cookie, simple background, natural color, sharp object",uses only train images or deterministic placeholders as reconstruction sources; never copies test ground truth images
57,crow_11s,57,crow_11s,crow,crow_11s;antelope_01b;pheasant_20s;gopher_09s;rooster_03s,7523,jug_04s,jug,0.13571104407310486,recons/experiments/diffusion_prompt/057.png,generated_diffusion_prompt,generated_diffusion_prompt,global_train_nearest,"a centered high quality photo of crow, antelope, pheasant, simple background, natural color, sharp object",uses only train images or deterministic placeholders as reconstruction sources; never copies test ground truth images
58,cruise_ship_03s,58,cruise_ship_03s,cruise_ship,cruise_ship_03s;ferry_06s;sailboat_05s;aircraft_carrier_06s;submarine_09s,5046,ferret_07s,ferret,0.14573946595191956,recons/experiments/diffusion_prompt/058.png,generated_diffusion_prompt,generated_diffusion_prompt,global_train_nearest,"a centered high quality photo of cruise ship, ferry, sailboat, simple background, natural color, sharp object",uses only train images or deterministic placeholders as reconstruction sources; never copies test ground truth images
59,crumb_12s,59,crumb_12s,crumb,crumb_12s;creme_brulee_01b;pepper1_14s;calamari_01b;dessert_01b,4128,dashboard_09s,dashboard,0.1386364847421646,recons/experiments/diffusion_prompt/059.png,generated_diffusion_prompt,generated_diffusion_prompt,global_train_nearest,"a centered high quality photo of crumb, creme brulee, pepper1, simple background, natural color, sharp object",uses only train images or deterministic placeholders as reconstruction sources; never copies test ground truth images
60,cupcake_11s,63,dessert_01b,dessert,dessert_01b;scallop_02s;cupcake_11s;croissant_06s;tomato_sauce_02s,15348,trunk_09s,trunk,0.14615383744239807,recons/experiments/diffusion_prompt/060.png,generated_diffusion_prompt,generated_diffusion_prompt,global_train_nearest,"a centered high quality photo of dessert, scallop, cupcake, simple background, natural color, sharp object",uses only train images or deterministic placeholders as reconstruction sources; never copies test ground truth images
61,dagger_06s,61,dagger_06s,dagger,dagger_06s;spatula_08s;tongs_12s;baseball_bat_10s;slide_04s,13749,steering_wheel_10s,steering_wheel,0.13244584202766418,recons/experiments/diffusion_prompt/061.png,generated_diffusion_prompt,generated_diffusion_prompt,global_train_nearest,"a centered high quality photo of dagger, spatula, tongs, simple background, natural color, sharp object",uses only train images or deterministic placeholders as reconstruction sources; never copies test ground truth images
62,dalmatian_12s,62,dalmatian_12s,dalmatian,dalmatian_12s;lamb_01b;cat_01b;gorilla_18s;antelope_01b,13578,squid_09s,squid,0.1328793168067932,recons/experiments/diffusion_prompt/062.png,generated_diffusion_prompt,generated_diffusion_prompt,global_train_nearest,"a centered high quality photo of dalmatian, lamb, cat, simple background, natural color, sharp object",uses only train images or deterministic placeholders as reconstruction sources; never copies test ground truth images
63,dessert_01b,63,dessert_01b,dessert,dessert_01b;crepe_18s;scallop_02s;calamari_01b;pie_18s,15348,trunk_09s,trunk,0.14615383744239807,recons/experiments/diffusion_prompt/063.png,generated_diffusion_prompt,generated_diffusion_prompt,global_train_nearest,"a centered high quality photo of dessert, crepe, scallop, simple background, natural color, sharp object",uses only train images or deterministic placeholders as reconstruction sources; never copies test ground truth images
64,dragonfly_01b,64,dragonfly_01b,dragonfly,dragonfly_01b;scallion_04s;orchid_05s;seaweed_07s;wheat_05n,14176,sweatsuit_07s,sweatsuit,0.12671925127506256,recons/experiments/diffusion_prompt/064.png,generated_diffusion_prompt,generated_diffusion_prompt,global_train_nearest,"a centered high quality photo of dragonfly, scallion, orchid, simple background, natural color, sharp object",uses only train images or deterministic placeholders as reconstruction sources; never copies test ground truth images
65,dreidel_01b,65,dreidel_01b,dreidel,dreidel_01b;grenade_03s;bullet_01s;lightning_bug_11s;bottle_opener_13s,746,baseball_glove_07s,baseball_glove,0.15679553151130676,recons/experiments/diffusion_prompt/065.png,generated_diffusion_prompt,generated_diffusion_prompt,global_train_nearest,"a centered high quality photo of dreidel, grenade, bullet, simple background, natural color, sharp object",uses only train images or deterministic placeholders as reconstruction sources; never copies test ground truth images
66,drum_01b,48,coffeemaker_13s,coffeemaker,coffeemaker_13s;modem_04s;treadmill_11s;television_12s;cd_player_02s,2932,chipmunk_03n,chipmunk,0.1349259912967682,recons/experiments/diffusion_prompt/066.png,generated_diffusion_prompt,generated_diffusion_prompt,global_train_nearest,"a centered high quality photo of coffeemaker, modem, treadmill, simple background, natural color, sharp object",uses only train images or deterministic placeholders as reconstruction sources; never copies test ground truth images
67,duffel_bag_03s,67,duffel_bag_03s,duffel_bag,duffel_bag_03s;purse_06s;television_12s;drum_01b;laundry_basket_12s,3980,cufflink_01b,cufflink,0.14781637489795685,recons/experiments/diffusion_prompt/067.png,generated_diffusion_prompt,generated_diffusion_prompt,global_train_nearest,"a centered high quality photo of duffel bag, purse, television, simple background, natural color, sharp object",uses only train images or deterministic placeholders as reconstruction sources; never copies test ground truth images
68,eagle_06s,68,eagle_06s,eagle,eagle_06s;baton4_05s;sailboat_05s;goose_02s;flamingo_05s,8392,lumber_03s,lumber,0.1445958912372589,recons/experiments/diffusion_prompt/068.png,generated_diffusion_prompt,generated_diffusion_prompt,global_train_nearest,"a centered high quality photo of eagle, baton4, sailboat, simple background, natural color, sharp object",uses only train images or deterministic placeholders as reconstruction sources; never copies test ground truth images
69,eel_02s,110,manatee_05s,manatee,manatee_05s;eel_02s;antelope_01b;gopher_09s;panther_01b,1808,broom_09s,broom,0.1523025929927826,recons/experiments/diffusion_prompt/069.png,generated_diffusion_prompt,generated_diffusion_prompt,global_train_nearest,"a centered high quality photo of manatee, eel, antelope, simple background, natural color, sharp object",uses only train images or deterministic placeholders as reconstruction sources; never copies test ground truth images
70,egg_12s,70,egg_12s,egg,egg_12s;creme_brulee_01b;breadbox_01b;bun_01b;espresso_01b,9043,mosquito_net_04s,mosquito_net,0.13163453340530396,recons/experiments/diffusion_prompt/070.png,generated_diffusion_prompt,generated_diffusion_prompt,global_train_nearest,"a centered high quality photo of egg, creme brulee, breadbox, simple background, natural color, sharp object",uses only train images or deterministic placeholders as reconstruction sources; never copies test ground truth images
71,elephant_11n,1,antelope_01b,antelope,antelope_01b;gorilla_18s;piglet_02s;gopher_09s;lamb_01b,15375,tulip_06s,tulip,0.13245685398578644,recons/experiments/diffusion_prompt/071.png,generated_diffusion_prompt,generated_diffusion_prompt,global_train_nearest,"a centered high quality photo of antelope, gorilla, piglet, simple background, natural color, sharp object",uses only train images or deterministic placeholders as reconstruction sources; never copies test ground truth images
72,espresso_01b,72,espresso_01b,espresso,espresso_01b;wok_12s;egg_12s;creme_brulee_01b;spoon_04s,11583,ribbon_04s,ribbon,0.1508270800113678,recons/experiments/diffusion_prompt/072.png,generated_diffusion_prompt,generated_diffusion_prompt,global_train_nearest,"a centered high quality photo of espresso, wok, egg, simple background, natural color, sharp object",uses only train images or deterministic placeholders as reconstruction sources; never copies test ground truth images
73,face_mask_12s,73,face_mask_12s,face_mask,face_mask_12s;tube_top_11s;laundry_basket_12s;chime_08s;wallpaper_01b,1425,bomb_06s,bomb,0.14100046455860138,recons/experiments/diffusion_prompt/073.png,generated_diffusion_prompt,generated_diffusion_prompt,global_train_nearest,"a centered high quality photo of face mask, tube top, laundry basket, simple background, natural color, sharp object",uses only train images or deterministic placeholders as reconstruction sources; never copies test ground truth images
74,ferry_06s,74,ferry_06s,ferry,ferry_06s;cruise_ship_03s;sailboat_05s;aircraft_carrier_06s;gondola_11s,1224,blazer_05s,blazer,0.1468210518360138,recons/experiments/diffusion_prompt/074.png,generated_diffusion_prompt,generated_diffusion_prompt,global_train_nearest,"a centered high quality photo of ferry, cruise ship, sailboat, simple background, natural color, sharp object",uses only train images or deterministic placeholders as reconstruction sources; never copies test ground truth images
75,flamingo_05s,75,flamingo_05s,flamingo,flamingo_05s;eagle_06s;goose_02s;grasshopper_06s;ostrich_03s,2612,centrifuge_03s,centrifuge,0.15613970160484314,recons/experiments/diffusion_prompt/075.png,generated_diffusion_prompt,generated_diffusion_prompt,global_train_nearest,"a centered high quality photo of flamingo, eagle, goose, simple background, natural color, sharp object",uses only train images or deterministic placeholders as reconstruction sources; never copies test ground truth images
76,folder_11s,76,folder_11s,folder,folder_11s;backscratcher_01b;table_07s;wallpaper_01b;modem_04s,11843,router_04s,router,0.13782568275928497,recons/experiments/diffusion_prompt/076.png,generated_diffusion_prompt,generated_diffusion_prompt,global_train_nearest,"a centered high quality photo of folder, backscratcher, table, simple background, natural color, sharp object",uses only train images or deterministic placeholders as reconstruction sources; never copies test ground truth images
77,fork_07s,7,basketball_05s,basketball,basketball_05s;espresso_01b;wallpaper_01b;chain_01b;t-shirt_15s,5648,frog_09s,frog,0.1506427526473999,recons/experiments/diffusion_prompt/077.png,generated_diffusion_prompt,generated_diffusion_prompt,global_train_nearest,"a centered high quality photo of basketball, espresso, wallpaper, simple background, natural color, sharp object",uses only train images or deterministic placeholders as reconstruction sources; never copies test ground truth images
78,freezer_04s,78,freezer_04s,freezer,freezer_04s;crumb_12s;ice_cube_11s;folder_11s;laundry_basket_12s,2513,cassette_04s,cassette,0.14811435341835022,recons/experiments/diffusion_prompt/078.png,generated_diffusion_prompt,generated_diffusion_prompt,global_train_nearest,"a centered high quality photo of freezer, crumb, ice cube, simple background, natural color, sharp object",uses only train images or deterministic placeholders as reconstruction sources; never copies test ground truth images
79,french_horn_03s,162,seed_07s,seed,seed_07s;sausage_04s;croissant_06s;french_horn_03s;orange_07s,4573,dryer_04s,dryer,0.12767618894577026,recons/experiments/diffusion_prompt/079.png,generated_diffusion_prompt,generated_diffusion_prompt,global_train_nearest,"a centered high quality photo of seed, sausage, croissant, simple background, natural color, sharp object",uses only train images or deterministic placeholders as reconstruction sources; never copies test ground truth images
80,fruit_01b,80,fruit_01b,fruit,fruit_01b;meatloaf_12s;seed_07s;sausage_04s;tomato_sauce_02s,13939,strainer_10s,strainer,0.14966565370559692,recons/experiments/diffusion_prompt/080.png,generated_diffusion_prompt,generated_diffusion_prompt,global_train_nearest,"a centered high quality photo of fruit, meatloaf, seed, simple background, natural color, sharp object",uses only train images or deterministic placeholders as reconstruction sources; never copies test ground truth images
81,garlic_12n,37,cheese_06s,cheese,cheese_06s;bun_01b;garlic_12n;croissant_06s;bread_19s,9670,paddle_01s,paddle,0.12799502909183502,recons/experiments/diffusion_prompt/081.png,generated_diffusion_prompt,generated_diffusion_prompt,global_train_nearest,"a centered high quality photo of cheese, bun, garlic, simple background, natural color, sharp object",uses only train images or deterministic placeholders as reconstruction sources; never copies test ground truth images
82,glove_11s,82,glove_11s,glove,glove_11s;bonnet_08s;tiara_07s;tube_top_11s;face_mask_12s,5765,gargoyle_06s,gargoyle,0.1392933875322342,recons/experiments/diffusion_prompt/082.png,generated_diffusion_prompt,generated_diffusion_prompt,global_train_nearest,"a centered high quality photo of glove, bonnet, tiara, simple background, natural color, sharp object",uses only train images or deterministic placeholders as reconstruction sources; never copies test ground truth images
83,golf_cart_06s,166,slide_04s,slide,slide_04s;golf_cart_06s;unicycle_10s;gondola_11s;bike_22s,7502,jigsaw_puzzle_03s,jigsaw_puzzle,0.1460917592048645,recons/experiments/diffusion_prompt/083.png,generated_diffusion_prompt,generated_diffusion_prompt,global_train_nearest,"a centered high quality photo of slide, golf cart, unicycle, simple background, natural color, sharp object",uses only train images or deterministic placeholders as reconstruction sources; never copies test ground truth images
84,gondola_11s,187,treadmill_11s,treadmill,treadmill_11s;gondola_11s;crib_14n;ferry_06s;cruise_ship_03s,15251,trigger_02s,trigger,0.14355391263961792,recons/experiments/diffusion_prompt/084.png,generated_diffusion_prompt,generated_diffusion_prompt,global_train_nearest,"a centered high quality photo of treadmill, gondola, crib, simple background, natural color, sharp object",uses only train images or deterministic placeholders as reconstruction sources; never copies test ground truth images
85,goose_02s,1,antelope_01b,antelope,antelope_01b;goose_02s;flamingo_05s;seagull_09s;ostrich_03s,15375,tulip_06s,tulip,0.13245685398578644,recons/experiments/diffusion_prompt/085.png,generated_diffusion_prompt,generated_diffusion_prompt,global_train_nearest,"a centered high quality photo of antelope, goose, flamingo, simple background, natural color, sharp object",uses only train images or deterministic placeholders as reconstruction sources; never copies test ground truth images
86,gopher_09s,86,gopher_09s,gopher,gopher_09s;possum_05s;antelope_01b;beaver_04s;lamb_01b,4151,denture_02s,denture,0.1452384740114212,recons/experiments/diffusion_prompt/086.png,generated_diffusion_prompt,generated_diffusion_prompt,global_train_nearest,"a centered high quality photo of gopher, possum, antelope, simple background, natural color, sharp object",uses only train images or deterministic placeholders as reconstruction sources; never copies test ground truth images
87,gorilla_18s,87,gorilla_18s,gorilla,gorilla_18s;panther_01b;manatee_05s;lamb_01b;piglet_02s,14840,toaster_oven_01b,toaster_oven,0.15393224358558655,recons/experiments/diffusion_prompt/087.png,generated_diffusion_prompt,generated_diffusion_prompt,global_train_nearest,"a centered high quality photo of gorilla, panther, manatee, simple background, natural color, sharp object",uses only train images or deterministic placeholders as reconstruction sources; never copies test ground truth images
88,grasshopper_06s,1,antelope_01b,antelope,antelope_01b;ostrich_03s;pigeon_05s;seagull_09s;crow_11s,15375,tulip_06s,tulip,0.13245685398578644,recons/experiments/diffusion_prompt/088.png,generated_diffusion_prompt,generated_diffusion_prompt,global_train_nearest,"a centered high quality photo of antelope, ostrich, pigeon, simple background, natural color, sharp object",uses only train images or deterministic placeholders as reconstruction sources; never copies test ground truth images
89,grenade_03s,89,grenade_03s,grenade,grenade_03s;garlic_12n;egg_12s;sausage_04s;croissant_06s,14277,swordfish_08s,swordfish,0.13778483867645264,recons/experiments/diffusion_prompt/089.png,generated_diffusion_prompt,generated_diffusion_prompt,global_train_nearest,"a centered high quality photo of grenade, garlic, egg, simple background, natural color, sharp object",uses only train images or deterministic placeholders as reconstruction sources; never copies test ground truth images
90,hamburger_01s,112,meatloaf_12s,meatloaf,meatloaf_12s;croissant_06s;hamburger_01s;cordon_bleu_08s;bread_19s,8108,leotard_09s,leotard,0.15450967848300934,recons/experiments/diffusion_prompt/090.png,generated_diffusion_prompt,generated_diffusion_prompt,global_train_nearest,"a centered high quality photo of meatloaf, croissant, hamburger, simple background, natural color, sharp object",uses only train images or deterministic placeholders as reconstruction sources; never copies test ground truth images
91,hammer_08s,169,spatula_08s,spatula,spatula_08s;boat_01b;ladle_13s;spoon_04s;skateboard_01b,16081,wetsuit_02s,wetsuit,0.14425957202911377,recons/experiments/diffusion_prompt/091.png,generated_diffusion_prompt,generated_diffusion_prompt,global_train_nearest,"a centered high quality photo of spatula, boat, ladle, simple background, natural color, sharp object",uses only train images or deterministic placeholders as reconstruction sources; never copies test ground truth images
92,handbrake_08s,187,treadmill_11s,treadmill,treadmill_11s;handbrake_08s;nightstand_05s;modem_04s;television_12s,15251,trigger_02s,trigger,0.14355391263961792,recons/experiments/diffusion_prompt/092.png,generated_diffusion_prompt,generated_diffusion_prompt,global_train_nearest,"a centered high quality photo of treadmill, handbrake, nightstand, simple background, natural color, sharp object",uses only train images or deterministic placeholders as reconstruction sources; never copies test ground truth images
93,headscarf_03s,93,headscarf_03s,headscarf,headscarf_03s;bonnet_08s;cat_01b;lampshade_05s;muff_12s,7798,knot_09s,knot,0.1230623871088028,recons/experiments/diffusion_prompt/093.png,generated_diffusion_prompt,generated_diffusion_prompt,global_train_nearest,"a centered high quality photo of headscarf, bonnet, cat, simple background, natural color, sharp object",uses only train images or deterministic placeholders as reconstruction sources; never copies test ground truth images
94,highchair_04s,94,highchair_04s,highchair,highchair_04s;headscarf_03s;crib_14n;lampshade_05s;chime_08s,6839,highlighter_10s,highlighter,0.13921861350536346,recons/experiments/diffusion_prompt/094.png,generated_diffusion_prompt,generated_diffusion_prompt,global_train_nearest,"a centered high quality photo of highchair, headscarf, crib, simple background, natural color, sharp object",uses only train images or deterministic placeholders as reconstruction sources; never copies test ground truth images
95,hoodie_08s,95,hoodie_08s,hoodie,hoodie_08s;coat_01b;headscarf_03s;t-shirt_15s;suit_13s,11083,pump_04s,pump,0.14287959039211273,recons/experiments/diffusion_prompt/095.png,generated_diffusion_prompt,generated_diffusion_prompt,global_train_nearest,"a centered high quality photo of hoodie, coat, headscarf, simple background, natural color, sharp object",uses only train images or deterministic placeholders as reconstruction sources; never copies test ground truth images
96,hummingbird_01b,68,eagle_06s,eagle,eagle_06s;goose_02s;manatee_05s;flamingo_05s;pigeon_05s,8392,lumber_03s,lumber,0.1445958912372589,recons/experiments/diffusion_prompt/096.png,generated_diffusion_prompt,generated_diffusion_prompt,global_train_nearest,"a centered high quality photo of eagle, goose, manatee, simple background, natural color, sharp object",uses only train images or deterministic placeholders as reconstruction sources; never copies test ground truth images
97,ice_cube_11s,97,ice_cube_11s,ice_cube,ice_cube_11s;cheese_06s;batter_01b;crumb_12s;creme_brulee_01b,2913,chinchilla_04s,chinchilla,0.13818508386611938,recons/experiments/diffusion_prompt/097.png,generated_diffusion_prompt,generated_diffusion_prompt,global_train_nearest,"a centered high quality photo of ice cube, cheese, batter, simple background, natural color, sharp object",uses only train images or deterministic placeholders as reconstruction sources; never copies test ground truth images
98,ice_pack_01b,98,ice_pack_01b,ice_pack,ice_pack_01b;cleat_09s;jukebox_01n;duffel_bag_03s;tape_recorder_01b,14750,tie_01b,tie,0.14113818109035492,recons/experiments/diffusion_prompt/098.png,generated_diffusion_prompt,generated_diffusion_prompt,global_train_nearest,"a centered high quality photo of ice pack, cleat, jukebox, simple background, natural color, sharp object",uses only train images or deterministic placeholders as reconstruction sources; never copies test ground truth images
99,jeep_05s,114,minivan_17s,minivan,minivan_17s;jeep_05s;station_wagon_04s;golf_cart_06s;buggy_07s,13910,stove2_01b,stove2,0.1331484317779541,recons/experiments/diffusion_prompt/099.png,generated_diffusion_prompt,generated_diffusion_prompt,global_train_nearest,"a centered high quality photo of minivan, jeep, station wagon, simple background, natural color, sharp object",uses only train images or deterministic placeholders as reconstruction sources; never copies test ground truth images
100,jelly_bean_06s,100,jelly_bean_06s,jelly_bean,jelly_bean_06s;fruit_01b;seed_07s;cashew_01b;orange_07s,2292,canister_03s,canister,0.15424931049346924,recons/experiments/diffusion_prompt/100.png,generated_diffusion_prompt,generated_diffusion_prompt,global_train_nearest,"a centered high quality photo of jelly bean, fruit, seed, simple background, natural color, sharp object",uses only train images or deterministic placeholders as reconstruction sources; never copies test ground truth images
101,jukebox_01n,101,jukebox_01n,jukebox,jukebox_01n;gondola_11s;metal_detector_02s;seaweed_07s;rug_09s,3888,crouton_09s,crouton,0.1349881887435913,recons/experiments/diffusion_prompt/101.png,generated_diffusion_prompt,generated_diffusion_prompt,global_train_nearest,"a centered high quality photo of jukebox, gondola, metal detector, simple background, natural color, sharp object",uses only train images or deterministic placeholders as reconstruction sources; never copies test ground truth images
102,kettle_03n,48,coffeemaker_13s,coffeemaker,coffeemaker_13s;kettle_03n;espresso_01b;nightstand_05s;television_12s,2932,chipmunk_03n,chipmunk,0.1349259912967682,recons/experiments/diffusion_prompt/102.png,generated_diffusion_prompt,generated_diffusion_prompt,global_train_nearest,"a centered high quality photo of coffeemaker, kettle, espresso, simple background, natural color, sharp object",uses only train images or deterministic placeholders as reconstruction sources; never copies test ground truth images
103,kneepad_12s,103,kneepad_12s,kneepad,kneepad_12s;pajamas_13s;coverall_06s;chaps_18s;tube_top_11s,16032,weather_vane_03s,weather_vane,0.13743025064468384,recons/experiments/diffusion_prompt/103.png,generated_diffusion_prompt,generated_diffusion_prompt,global_train_nearest,"a centered high quality photo of kneepad, pajamas, coverall, simple background, natural color, sharp object",uses only train images or deterministic placeholders as reconstruction sources; never copies test ground truth images
104,ladle_13s,2,backscratcher_01b,backscratcher,backscratcher_01b;ladle_13s;cleaver_07s;spoon_04s;sandpaper_08s,11524,reindeer_05s,reindeer,0.13315632939338684,recons/experiments/diffusion_prompt/104.png,generated_diffusion_prompt,generated_diffusion_prompt,global_train_nearest,"a centered high quality photo of backscratcher, ladle, cleaver, simple background, natural color, sharp object",uses only train images or deterministic placeholders as reconstruction sources; never copies test ground truth images
105,lamb_01b,105,lamb_01b,lamb,lamb_01b;antelope_01b;piglet_02s;dalmatian_12s;possum_05s,3407,comb_08s,comb,0.14741313457489014,recons/experiments/diffusion_prompt/105.png,generated_diffusion_prompt,generated_diffusion_prompt,global_train_nearest,"a centered high quality photo of lamb, antelope, piglet, simple background, natural color, sharp object",uses only train images or deterministic placeholders as reconstruction sources; never copies test ground truth images
106,lampshade_05s,106,lampshade_05s,lampshade,lampshade_05s;headscarf_03s;fruit_01b;raspberry_10n;croissant_06s,5250,fish_01b,fish,0.14910168945789337,recons/experiments/diffusion_prompt/106.png,generated_diffusion_prompt,generated_diffusion_prompt,global_train_nearest,"a centered high quality photo of lampshade, headscarf, fruit, simple background, natural color, sharp object",uses only train images or deterministic placeholders as reconstruction sources; never copies test ground truth images
107,laundry_basket_12s,78,freezer_04s,freezer,freezer_04s;laundry_basket_12s;tape_recorder_01b;music_box_06s;modem_04s,2513,cassette_04s,cassette,0.14811435341835022,recons/experiments/diffusion_prompt/107.png,generated_diffusion_prompt,generated_diffusion_prompt,global_train_nearest,"a centered high quality photo of freezer, laundry basket, tape recorder, simple background, natural color, sharp object",uses only train images or deterministic placeholders as reconstruction sources; never copies test ground truth images
108,lettuce_05n,108,lettuce_05n,lettuce,lettuce_05n;omelet_10s;calamari_01b;bok_choy_03s;scallop_02s,5946,girl_07s,girl,0.1341354250907898,recons/experiments/diffusion_prompt/108.png,generated_diffusion_prompt,generated_diffusion_prompt,global_train_nearest,"a centered high quality photo of lettuce, omelet, calamari, simple background, natural color, sharp object",uses only train images or deterministic placeholders as reconstruction sources; never copies test ground truth images
109,lightning_bug_11s,109,lightning_bug_11s,lightning_bug,lightning_bug_11s;ostrich_03s;grasshopper_06s;bug_08s;goose_02s,8963,mold1_04s,mold1,0.14425748586654663,recons/experiments/diffusion_prompt/109.png,generated_diffusion_prompt,generated_diffusion_prompt,global_train_nearest,"a centered high quality photo of lightning bug, ostrich, grasshopper, simple background, natural color, sharp object",uses only train images or deterministic placeholders as reconstruction sources; never copies test ground truth images
110,manatee_05s,87,gorilla_18s,gorilla,gorilla_18s;manatee_05s;panther_01b;gopher_09s;lamb_01b,14840,toaster_oven_01b,toaster_oven,0.15393224358558655,recons/experiments/diffusion_prompt/110.png,generated_diffusion_prompt,generated_diffusion_prompt,global_train_nearest,"a centered high quality photo of gorilla, manatee, panther, simple background, natural color, sharp object",uses only train images or deterministic placeholders as reconstruction sources; never copies test ground truth images
111,marijuana_13s,157,scallion_04s,scallion,scallion_04s;bok_choy_03s;seaweed_07s;basil_05s;lettuce_05n,10911,pothole_02s,pothole,0.147633358836174,recons/experiments/diffusion_prompt/111.png,generated_diffusion_prompt,generated_diffusion_prompt,global_train_nearest,"a centered high quality photo of scallion, bok choy, seaweed, simple background, natural color, sharp object",uses only train images or deterministic placeholders as reconstruction sources; never copies test ground truth images
112,meatloaf_12s,112,meatloaf_12s,meatloaf,meatloaf_12s;tomato_sauce_02s;omelet_10s;bread_19s;seed_07s,8108,leotard_09s,leotard,0.15450967848300934,recons/experiments/diffusion_prompt/112.png,generated_diffusion_prompt,generated_diffusion_prompt,global_train_nearest,"a centered high quality photo of meatloaf, tomato sauce, omelet, simple background, natural color, sharp object",uses only train images or deterministic placeholders as reconstruction sources; never copies test ground truth images
113,metal_detector_02s,113,metal_detector_02s,metal_detector,metal_detector_02s;scallion_04s;tool_10s;crib_14n;chime_08s,9695,paint_06s,paint,0.13138842582702637,recons/experiments/diffusion_prompt/113.png,generated_diffusion_prompt,generated_diffusion_prompt,global_train_nearest,"a centered high quality photo of metal detector, scallion, tool, simple background, natural color, sharp object",uses only train images or deterministic placeholders as reconstruction sources; never copies test ground truth images
114,minivan_17s,114,minivan_17s,minivan,minivan_17s;jeep_05s;station_wagon_04s;windshield_09s;golf_cart_06s,13910,stove2_01b,stove2,0.1331484317779541,recons/experiments/diffusion_prompt/114.png,generated_diffusion_prompt,generated_diffusion_prompt,global_train_nearest,"a centered high quality photo of minivan, jeep, station wagon, simple background, natural color, sharp object",uses only train images or deterministic placeholders as reconstruction sources; never copies test ground truth images
115,modem_04s,115,modem_04s,modem,modem_04s;nightstand_05s;coffeemaker_13s;television_12s;cd_player_02s,4343,doily_04s,doily,0.1309315711259842,recons/experiments/diffusion_prompt/115.png,generated_diffusion_prompt,generated_diffusion_prompt,global_train_nearest,"a centered high quality photo of modem, nightstand, coffeemaker, simple background, natural color, sharp object",uses only train images or deterministic placeholders as reconstruction sources; never copies test ground truth images
116,mosquito_02s,116,mosquito_02s,mosquito,mosquito_02s;eagle_06s;grasshopper_06s;crab_17s;goose_02s,2027,button1_08s,button1,0.1473379284143448,recons/experiments/diffusion_prompt/116.png,generated_diffusion_prompt,generated_diffusion_prompt,global_train_nearest,"a centered high quality photo of mosquito, eagle, grasshopper, simple background, natural color, sharp object",uses only train images or deterministic placeholders as reconstruction sources; never copies test ground truth images
117,muff_12s,117,muff_12s,muff,muff_12s;coverall_06s;chaps_18s;kneepad_12s;top_hat_13s,12876,skewer_07s,skewer,0.1432224065065384,recons/experiments/diffusion_prompt/117.png,generated_diffusion_prompt,generated_diffusion_prompt,global_train_nearest,"a centered high quality photo of muff, coverall, chaps, simple background, natural color, sharp object",uses only train images or deterministic placeholders as reconstruction sources; never copies test ground truth images
118,music_box_06s,118,music_box_06s,music_box,music_box_06s;pocketknife_01b;treadmill_11s;tool_10s;tape_recorder_01b,16134,whipped_cream_05s,whipped_cream,0.13931778073310852,recons/experiments/diffusion_prompt/118.png,generated_diffusion_prompt,generated_diffusion_prompt,global_train_nearest,"a centered high quality photo of music box, pocketknife, treadmill, simple background, natural color, sharp object",uses only train images or deterministic placeholders as reconstruction sources; never copies test ground truth images
119,mussel_11s,119,mussel_11s,mussel,mussel_11s;calamari_01b;omelet_10s;meatloaf_12s;hamburger_01s,4953,eyepiece_04s,eyepiece,0.1420639157295227,recons/experiments/diffusion_prompt/119.png,generated_diffusion_prompt,generated_diffusion_prompt,global_train_nearest,"a centered high quality photo of mussel, calamari, omelet, simple background, natural color, sharp object",uses only train images or deterministic placeholders as reconstruction sources; never copies test ground truth images
120,nightstand_05s,120,nightstand_05s,nightstand,nightstand_05s;breadbox_01b;coffeemaker_13s;chest2_02s;table_07s,6513,hamster_04s,hamster,0.14139606058597565,recons/experiments/diffusion_prompt/120.png,generated_diffusion_prompt,generated_diffusion_prompt,global_train_nearest,"a centered high quality photo of nightstand, breadbox, coffeemaker, simple background, natural color, sharp object",uses only train images or deterministic placeholders as reconstruction sources; never copies test ground truth images
121,okra_14n,53,creme_brulee_01b,creme_brulee,creme_brulee_01b;okra_14n;batter_01b;ice_cube_11s;backscratcher_01b,7528,jug_09s,jug,0.1426306664943695,recons/experiments/diffusion_prompt/121.png,generated_diffusion_prompt,generated_diffusion_prompt,global_train_nearest,"a centered high quality photo of creme brulee, okra, batter, simple background, natural color, sharp object",uses only train images or deterministic placeholders as reconstruction sources; never copies test ground truth images
122,omelet_10s,122,omelet_10s,omelet,omelet_10s;meatloaf_12s;crepe_18s;calamari_01b;seed_07s,14333,tack_04s,tack,0.13608869910240173,recons/experiments/diffusion_prompt/122.png,generated_diffusion_prompt,generated_diffusion_prompt,global_train_nearest,"a centered high quality photo of omelet, meatloaf, crepe, simple background, natural color, sharp object",uses only train images or deterministic placeholders as reconstruction sources; never copies test ground truth images
123,onion_10s,123,onion_10s,onion,onion_10s;egg_12s;scallop_02s;dessert_01b;calamari_01b,15727,viewfinder_08s,viewfinder,0.13466930389404297,recons/experiments/diffusion_prompt/123.png,generated_diffusion_prompt,generated_diffusion_prompt,global_train_nearest,"a centered high quality photo of onion, egg, scallop, simple background, natural color, sharp object",uses only train images or deterministic placeholders as reconstruction sources; never copies test ground truth images
124,orange_07s,124,orange_07s,orange,orange_07s;bun_01b;croissant_06s;sausage_04s;seed_07s,1363,board_04s,board,0.15446585416793823,recons/experiments/diffusion_prompt/124.png,generated_diffusion_prompt,generated_diffusion_prompt,global_train_nearest,"a centered high quality photo of orange, bun, croissant, simple background, natural color, sharp object",uses only train images or deterministic placeholders as reconstruction sources; never copies test ground truth images
125,orchid_05s,125,orchid_05s,orchid,orchid_05s;garlic_12n;pear_01b;rooster_03s;crab_17s,2389,car_door_10s,car_door,0.15223190188407898,recons/experiments/diffusion_prompt/125.png,generated_diffusion_prompt,generated_diffusion_prompt,global_train_nearest,"a centered high quality photo of orchid, garlic, pear, simple background, natural color, sharp object",uses only train images or deterministic placeholders as reconstruction sources; never copies test ground truth images
126,ostrich_03s,126,ostrich_03s,ostrich,ostrich_03s;antelope_01b;crow_11s;pigeon_05s;goose_02s,12327,scuba_08s,scuba,0.16437001526355743,recons/experiments/diffusion_prompt/126.png,generated_diffusion_prompt,generated_diffusion_prompt,global_train_nearest,"a centered high quality photo of ostrich, antelope, crow, simple background, natural color, sharp object",uses only train images or deterministic placeholders as reconstruction sources; never copies test ground truth images
127,pajamas_13s,127,pajamas_13s,pajamas,pajamas_13s;coat_01b;coverall_06s;kneepad_12s;duffel_bag_03s,9104,mouse2_05s,mouse2,0.13735906779766083,recons/experiments/diffusion_prompt/127.png,generated_diffusion_prompt,generated_diffusion_prompt,global_train_nearest,"a centered high quality photo of pajamas, coat, coverall, simple background, natural color, sharp object",uses only train images or deterministic placeholders as reconstruction sources; never copies test ground truth images
128,panther_01b,87,gorilla_18s,gorilla,gorilla_18s;lamb_01b;panther_01b;piglet_02s;antelope_01b,14840,toaster_oven_01b,toaster_oven,0.15393224358558655,recons/experiments/diffusion_prompt/128.png,generated_diffusion_prompt,generated_diffusion_prompt,global_train_nearest,"a centered high quality photo of gorilla, lamb, panther, simple background, natural color, sharp object",uses only train images or deterministic placeholders as reconstruction sources; never copies test ground truth images
129,paperweight_07s,129,paperweight_07s,paperweight,paperweight_07s;music_box_06s;tape_recorder_01b;ice_cube_11s;cleaver_07s,2890,chin_01b,chin,0.158771812915802,recons/experiments/diffusion_prompt/129.png,generated_diffusion_prompt,generated_diffusion_prompt,global_train_nearest,"a centered high quality photo of paperweight, music box, tape recorder, simple background, natural color, sharp object",uses only train images or deterministic placeholders as reconstruction sources; never copies test ground truth images
130,pear_01b,130,pear_01b,pear,pear_01b;egg_12s;cleat_09s;onion_10s;basil_05s,12021,sarcophagus_02s,sarcophagus,0.13582922518253326,recons/experiments/diffusion_prompt/130.png,generated_diffusion_prompt,generated_diffusion_prompt,global_train_nearest,"a centered high quality photo of pear, egg, cleat, simple background, natural color, sharp object",uses only train images or deterministic placeholders as reconstruction sources; never copies test ground truth images
131,pepper1_14s,131,pepper1_14s,pepper1,pepper1_14s;meatloaf_12s;calamari_01b;tomato_sauce_02s;cashew_01b,9200,mulch_01b,mulch,0.14114847779273987,recons/experiments/diffusion_prompt/131.png,generated_diffusion_prompt,generated_diffusion_prompt,global_train_nearest,"a centered high quality photo of pepper1, meatloaf, calamari, simple background, natural color, sharp object",uses only train images or deterministic placeholders as reconstruction sources; never copies test ground truth images
132,pheasant_20s,132,pheasant_20s,pheasant,pheasant_20s;gopher_09s;antelope_01b;beaver_04s;cat_01b,8127,license_plate_08s,license_plate,0.13603496551513672,recons/experiments/diffusion_prompt/132.png,generated_diffusion_prompt,generated_diffusion_prompt,global_train_nearest,"a centered high quality photo of pheasant, gopher, antelope, simple background, natural color, sharp object",uses only train images or deterministic placeholders as reconstruction sources; never copies test ground truth images
133,pickax_05s,133,pickax_05s,pickax,pickax_05s;backscratcher_01b;cleaver_07s;punch2_14s;spoon_04s,4831,emerald_02s,emerald,0.1349009871482849,recons/experiments/diffusion_prompt/133.png,generated_diffusion_prompt,generated_diffusion_prompt,global_train_nearest,"a centered high quality photo of pickax, backscratcher, cleaver, simple background, natural color, sharp object",uses only train images or deterministic placeholders as reconstruction sources; never copies test ground truth images
134,pie_18s,134,pie_18s,pie,pie_18s;meatloaf_12s;croissant_06s;bun_01b;bread_19s,8768,meat_grinder_09s,meat_grinder,0.15302793681621552,recons/experiments/diffusion_prompt/134.png,generated_diffusion_prompt,generated_diffusion_prompt,global_train_nearest,"a centered high quality photo of pie, meatloaf, croissant, simple background, natural color, sharp object",uses only train images or deterministic placeholders as reconstruction sources; never copies test ground truth images
135,pigeon_05s,57,crow_11s,crow,crow_11s;pigeon_05s;antelope_01b;goose_02s;ostrich_03s,7523,jug_04s,jug,0.13571104407310486,recons/experiments/diffusion_prompt/135.png,generated_diffusion_prompt,generated_diffusion_prompt,global_train_nearest,"a centered high quality photo of crow, pigeon, antelope, simple background, natural color, sharp object",uses only train images or deterministic placeholders as reconstruction sources; never copies test ground truth images
136,piglet_02s,136,piglet_02s,piglet,piglet_02s;possum_05s;lamb_01b;cat_01b;gorilla_18s,13869,stockings_10s,stockings,0.12847809493541718,recons/experiments/diffusion_prompt/136.png,generated_diffusion_prompt,generated_diffusion_prompt,global_train_nearest,"a centered high quality photo of piglet, possum, lamb, simple background, natural color, sharp object",uses only train images or deterministic placeholders as reconstruction sources; never copies test ground truth images
137,pocket_04s,137,pocket_04s,pocket,pocket_04s;pajamas_13s;glove_11s;kneepad_12s;cleat_09s,1982,burrito_03s,burrito,0.14260981976985931,recons/experiments/diffusion_prompt/137.png,generated_diffusion_prompt,generated_diffusion_prompt,global_train_nearest,"a centered high quality photo of pocket, pajamas, glove, simple background, natural color, sharp object",uses only train images or deterministic placeholders as reconstruction sources; never copies test ground truth images
138,pocketknife_01b,138,pocketknife_01b,pocketknife,pocketknife_01b;tape_recorder_01b;top_hat_13s;music_box_06s;tongs_12s,130,aloe_01b,aloe,0.13602493703365326,recons/experiments/diffusion_prompt/138.png,generated_diffusion_prompt,generated_diffusion_prompt,global_train_nearest,"a centered high quality photo of pocketknife, tape recorder, top hat, simple background, natural color, sharp object",uses only train images or deterministic placeholders as reconstruction sources; never copies test ground truth images
139,popcorn_07s,28,calamari_01b,calamari,calamari_01b;meatloaf_12s;tomato_sauce_02s;omelet_10s;popcorn_07s,2705,charcoal_06s,charcoal,0.20992594957351685,recons/experiments/diffusion_prompt/139.png,generated_diffusion_prompt,generated_diffusion_prompt,global_train_nearest,"a centered high quality photo of calamari, meatloaf, tomato sauce, simple background, natural color, sharp object",uses only train images or deterministic placeholders as reconstruction sources; never copies test ground truth images
140,popsicle_04s,124,orange_07s,orange,orange_07s;croissant_06s;sausage_04s;fruit_01b;seed_07s,1363,board_04s,board,0.15446585416793823,recons/experiments/diffusion_prompt/140.png,generated_diffusion_prompt,generated_diffusion_prompt,global_train_nearest,"a centered high quality photo of orange, croissant, sausage, simple background, natural color, sharp object",uses only train images or deterministic placeholders as reconstruction sources; never copies test ground truth images
141,possum_05s,141,possum_05s,possum,possum_05s;gopher_09s;piglet_02s;lamb_01b;beaver_04s,15998,waterwheel_09s,waterwheel,0.13564322888851166,recons/experiments/diffusion_prompt/141.png,generated_diffusion_prompt,generated_diffusion_prompt,global_train_nearest,"a centered high quality photo of possum, gopher, piglet, simple background, natural color, sharp object",uses only train images or deterministic placeholders as reconstruction sources; never copies test ground truth images
142,pretzel_01b,134,pie_18s,pie,pie_18s;glove_11s;croissant_06s;bun_01b;seed_07s,8768,meat_grinder_09s,meat_grinder,0.15302793681621552,recons/experiments/diffusion_prompt/142.png,generated_diffusion_prompt,generated_diffusion_prompt,global_train_nearest,"a centered high quality photo of pie, glove, croissant, simple background, natural color, sharp object",uses only train images or deterministic placeholders as reconstruction sources; never copies test ground truth images
143,pug_09s,87,gorilla_18s,gorilla,gorilla_18s;grasshopper_06s;elephant_11n;cat_01b;ostrich_03s,14840,toaster_oven_01b,toaster_oven,0.15393224358558655,recons/experiments/diffusion_prompt/143.png,generated_diffusion_prompt,generated_diffusion_prompt,global_train_nearest,"a centered high quality photo of gorilla, grasshopper, elephant, simple background, natural color, sharp object",uses only train images or deterministic placeholders as reconstruction sources; never copies test ground truth images
144,punch2_14s,144,punch2_14s,punch2,punch2_14s;ladle_13s;spoon_04s;spatula_08s;pickax_05s,131,aloe_02s,aloe,0.15549762547016144,recons/experiments/diffusion_prompt/144.png,generated_diffusion_prompt,generated_diffusion_prompt,global_train_nearest,"a centered high quality photo of punch2, ladle, spoon, simple background, natural color, sharp object",uses only train images or deterministic placeholders as reconstruction sources; never copies test ground truth images
145,purse_06s,145,purse_06s,purse,purse_06s;duffel_bag_03s;coat_01b;cleat_09s;ice_pack_01b,5228,firewood_09s,firewood,0.15348047018051147,recons/experiments/diffusion_prompt/145.png,generated_diffusion_prompt,generated_diffusion_prompt,global_train_nearest,"a centered high quality photo of purse, duffel bag, coat, simple background, natural color, sharp object",uses only train images or deterministic placeholders as reconstruction sources; never copies test ground truth images
146,radish_10s,157,scallion_04s,scallion,scallion_04s;okra_14n;radish_10s;jelly_bean_06s;orange_07s,10911,pothole_02s,pothole,0.147633358836174,recons/experiments/diffusion_prompt/146.png,generated_diffusion_prompt,generated_diffusion_prompt,global_train_nearest,"a centered high quality photo of scallion, okra, radish, simple background, natural color, sharp object",uses only train images or deterministic placeholders as reconstruction sources; never copies test ground truth images
147,raspberry_10n,147,raspberry_10n,raspberry,raspberry_10n;strawberry_09n;fruit_01b;croissant_06s;lightning_bug_11s,11401,rattlesnake_02s,rattlesnake,0.1352551281452179,recons/experiments/diffusion_prompt/147.png,generated_diffusion_prompt,generated_diffusion_prompt,global_train_nearest,"a centered high quality photo of raspberry, strawberry, fruit, simple background, natural color, sharp object",uses only train images or deterministic placeholders as reconstruction sources; never copies test ground truth images
148,recorder_14s,2,backscratcher_01b,backscratcher,backscratcher_01b;tape_recorder_01b;bullet_01s;folder_11s;sandpaper_08s,11524,reindeer_05s,reindeer,0.13315632939338684,recons/experiments/diffusion_prompt/148.png,generated_diffusion_prompt,generated_diffusion_prompt,global_train_nearest,"a centered high quality photo of backscratcher, tape recorder, bullet, simple background, natural color, sharp object",uses only train images or deterministic placeholders as reconstruction sources; never copies test ground truth images
149,rhinoceros_09s,1,antelope_01b,antelope,antelope_01b;crow_11s;rhinoceros_09s;flamingo_05s;seagull_09s,15375,tulip_06s,tulip,0.13245685398578644,recons/experiments/diffusion_prompt/149.png,generated_diffusion_prompt,generated_diffusion_prompt,global_train_nearest,"a centered high quality photo of antelope, crow, rhinoceros, simple background, natural color, sharp object",uses only train images or deterministic placeholders as reconstruction sources; never copies test ground truth images
150,robot_02s,62,dalmatian_12s,dalmatian,dalmatian_12s;gorilla_18s;robot_02s;lamb_01b;elephant_11n,13578,squid_09s,squid,0.1328793168067932,recons/experiments/diffusion_prompt/150.png,generated_diffusion_prompt,generated_diffusion_prompt,global_train_nearest,"a centered high quality photo of dalmatian, gorilla, robot, simple background, natural color, sharp object",uses only train images or deterministic placeholders as reconstruction sources; never copies test ground truth images
151,rooster_03s,151,rooster_03s,rooster,rooster_03s;pheasant_20s;eagle_06s;goose_02s;antelope_01b,10104,pen_05s,pen,0.13807161152362823,recons/experiments/diffusion_prompt/151.png,generated_diffusion_prompt,generated_diffusion_prompt,global_train_nearest,"a centered high quality photo of rooster, pheasant, eagle, simple background, natural color, sharp object",uses only train images or deterministic placeholders as reconstruction sources; never copies test ground truth images
152,rug_09s,152,rug_09s,rug,rug_09s;meatloaf_12s;pepper1_14s;bread_19s;bush_07s,9416,noose_07s,noose,0.14914290606975555,recons/experiments/diffusion_prompt/152.png,generated_diffusion_prompt,generated_diffusion_prompt,global_train_nearest,"a centered high quality photo of rug, meatloaf, pepper1, simple background, natural color, sharp object",uses only train images or deterministic placeholders as reconstruction sources; never copies test ground truth images
153,sailboat_05s,153,sailboat_05s,sailboat,sailboat_05s;submarine_09s;cruise_ship_03s;ferry_06s;aircraft_carrier_06s,7232,icepick_03s,icepick,0.14486685395240784,recons/experiments/diffusion_prompt/153.png,generated_diffusion_prompt,generated_diffusion_prompt,global_train_nearest,"a centered high quality photo of sailboat, submarine, cruise ship, simple background, natural color, sharp object",uses only train images or deterministic placeholders as reconstruction sources; never copies test ground truth images
154,sandal_03s,56,croissant_06s,croissant,croissant_06s;calamari_01b;crepe_18s;omelet_10s;pie_18s,15107,trailer_08s,trailer,0.14327162504196167,recons/experiments/diffusion_prompt/154.png,generated_diffusion_prompt,generated_diffusion_prompt,global_train_nearest,"a centered high quality photo of croissant, calamari, crepe, simple background, natural color, sharp object",uses only train images or deterministic placeholders as reconstruction sources; never copies test ground truth images
155,sandpaper_08s,155,sandpaper_08s,sandpaper,sandpaper_08s;bread_19s;backscratcher_01b;sausage_04s;meatloaf_12s,13875,stomach_06s,stomach,0.1598401814699173,recons/experiments/diffusion_prompt/155.png,generated_diffusion_prompt,generated_diffusion_prompt,global_train_nearest,"a centered high quality photo of sandpaper, bread, backscratcher, simple background, natural color, sharp object",uses only train images or deterministic placeholders as reconstruction sources; never copies test ground truth images
156,sausage_04s,156,sausage_04s,sausage,sausage_04s;croissant_06s;bread_19s;meatloaf_12s;bun_01b,14245,switch_06s,switch,0.12312759459018707,recons/experiments/diffusion_prompt/156.png,generated_diffusion_prompt,generated_diffusion_prompt,global_train_nearest,"a centered high quality photo of sausage, croissant, bread, simple background, natural color, sharp object",uses only train images or deterministic placeholders as reconstruction sources; never copies test ground truth images
157,scallion_04s,157,scallion_04s,scallion,scallion_04s;pear_01b;okra_14n;glove_11s;dragonfly_01b,10911,pothole_02s,pothole,0.147633358836174,recons/experiments/diffusion_prompt/157.png,generated_diffusion_prompt,generated_diffusion_prompt,global_train_nearest,"a centered high quality photo of scallion, pear, okra, simple background, natural color, sharp object",uses only train images or deterministic placeholders as reconstruction sources; never copies test ground truth images
158,scallop_02s,112,meatloaf_12s,meatloaf,meatloaf_12s;crepe_18s;creme_brulee_01b;scallop_02s;omelet_10s,8108,leotard_09s,leotard,0.15450967848300934,recons/experiments/diffusion_prompt/158.png,generated_diffusion_prompt,generated_diffusion_prompt,global_train_nearest,"a centered high quality photo of meatloaf, crepe, creme brulee, simple background, natural color, sharp object",uses only train images or deterministic placeholders as reconstruction sources; never copies test ground truth images
159,scooter_07s,180,television_12s,television,television_12s;folder_11s;wok_12s;modem_04s;candlestick_04s,13692,star_fruit_03s,star_fruit,0.14082619547843933,recons/experiments/diffusion_prompt/159.png,generated_diffusion_prompt,generated_diffusion_prompt,global_train_nearest,"a centered high quality photo of television, folder, wok, simple background, natural color, sharp object",uses only train images or deterministic placeholders as reconstruction sources; never copies test ground truth images
160,seagull_09s,160,seagull_09s,seagull,seagull_09s;antelope_01b;lamb_01b;rhinoceros_09s;flamingo_05s,15830,wallet_01b,wallet,0.1484244167804718,recons/experiments/diffusion_prompt/160.png,generated_diffusion_prompt,generated_diffusion_prompt,global_train_nearest,"a centered high quality photo of seagull, antelope, lamb, simple background, natural color, sharp object",uses only train images or deterministic placeholders as reconstruction sources; never copies test ground truth images
161,seaweed_07s,161,seaweed_07s,seaweed,seaweed_07s;bush_07s;gondola_11s;marijuana_13s;bench_01b,12227,scoop_08s,scoop,0.14058250188827515,recons/experiments/diffusion_prompt/161.png,generated_diffusion_prompt,generated_diffusion_prompt,global_train_nearest,"a centered high quality photo of seaweed, bush, gondola, simple background, natural color, sharp object",uses only train images or deterministic placeholders as reconstruction sources; never copies test ground truth images
162,seed_07s,162,seed_07s,seed,seed_07s;meatloaf_12s;tomato_sauce_02s;cashew_01b;calamari_01b,4573,dryer_04s,dryer,0.12767618894577026,recons/experiments/diffusion_prompt/162.png,generated_diffusion_prompt,generated_diffusion_prompt,global_train_nearest,"a centered high quality photo of seed, meatloaf, tomato sauce, simple background, natural color, sharp object",uses only train images or deterministic placeholders as reconstruction sources; never copies test ground truth images
163,skateboard_01b,163,skateboard_01b,skateboard,skateboard_01b;treadmill_11s;nightstand_05s;slide_04s;ladle_13s,4097,dandelion_08s,dandelion,0.13191881775856018,recons/experiments/diffusion_prompt/163.png,generated_diffusion_prompt,generated_diffusion_prompt,global_train_nearest,"a centered high quality photo of skateboard, treadmill, nightstand, simple background, natural color, sharp object",uses only train images or deterministic placeholders as reconstruction sources; never copies test ground truth images
164,sled_10s,164,sled_10s,sled,sled_10s;highchair_04s;chime_08s;crib_14n;laundry_basket_12s,13056,smoke_alarm_07s,smoke_alarm,0.160441592335701,recons/experiments/diffusion_prompt/164.png,generated_diffusion_prompt,generated_diffusion_prompt,global_train_nearest,"a centered high quality photo of sled, highchair, chime, simple background, natural color, sharp object",uses only train images or deterministic placeholders as reconstruction sources; never copies test ground truth images
165,sleeping_bag_01b,165,sleeping_bag_01b,sleeping_bag,sleeping_bag_01b;boat_01b;ice_pack_01b;golf_cart_06s;balance_beam_04s,3729,cougar_10s,cougar,0.12331223487854004,recons/experiments/diffusion_prompt/165.png,generated_diffusion_prompt,generated_diffusion_prompt,global_train_nearest,"a centered high quality photo of sleeping bag, boat, ice pack, simple background, natural color, sharp object",uses only train images or deterministic placeholders as reconstruction sources; never copies test ground truth images
166,slide_04s,166,slide_04s,slide,slide_04s;chime_08s;sled_10s;treadmill_11s;skateboard_01b,7502,jigsaw_puzzle_03s,jigsaw_puzzle,0.1460917592048645,recons/experiments/diffusion_prompt/166.png,generated_diffusion_prompt,generated_diffusion_prompt,global_train_nearest,"a centered high quality photo of slide, chime, sled, simple background, natural color, sharp object",uses only train images or deterministic placeholders as reconstruction sources; never copies test ground truth images
167,slingshot_07s,154,sandal_03s,sandal,sandal_03s;bonnet_08s;slingshot_07s;headscarf_03s;lampshade_05s,15550,underwear_01b,underwear,0.1276189535856247,recons/experiments/diffusion_prompt/167.png,generated_diffusion_prompt,generated_diffusion_prompt,global_train_nearest,"a centered high quality photo of sandal, bonnet, slingshot, simple background, natural color, sharp object",uses only train images or deterministic placeholders as reconstruction sources; never copies test ground truth images
168,snowshoe_04s,168,snowshoe_04s,snowshoe,snowshoe_04s;pocketknife_01b;sandal_03s;chain_01b;chest2_02s,15481,tuxedo_02s,tuxedo,0.1367921382188797,recons/experiments/diffusion_prompt/168.png,generated_diffusion_prompt,generated_diffusion_prompt,global_train_nearest,"a centered high quality photo of snowshoe, pocketknife, sandal, simple background, natural color, sharp object",uses only train images or deterministic placeholders as reconstruction sources; never copies test ground truth images
169,spatula_08s,169,spatula_08s,spatula,spatula_08s;basketball_05s;bullet_01s;chain_01b;grenade_03s,16081,wetsuit_02s,wetsuit,0.14425957202911377,recons/experiments/diffusion_prompt/169.png,generated_diffusion_prompt,generated_diffusion_prompt,global_train_nearest,"a centered high quality photo of spatula, basketball, bullet, simple background, natural color, sharp object",uses only train images or deterministic placeholders as reconstruction sources; never copies test ground truth images
170,spoon_04s,170,spoon_04s,spoon,spoon_04s;cleaver_07s;backscratcher_01b;ladle_13s;baseball_bat_10s,14426,tank2_07s,tank2,0.15504667162895203,recons/experiments/diffusion_prompt/170.png,generated_diffusion_prompt,generated_diffusion_prompt,global_train_nearest,"a centered high quality photo of spoon, cleaver, backscratcher, simple background, natural color, sharp object",uses only train images or deterministic placeholders as reconstruction sources; never copies test ground truth images
171,station_wagon_04s,171,station_wagon_04s,station_wagon,station_wagon_04s;chest2_02s;bush_07s;jeep_05s;modem_04s,3380,collar_01b,collar,0.14511467516422272,recons/experiments/diffusion_prompt/171.png,generated_diffusion_prompt,generated_diffusion_prompt,global_train_nearest,"a centered high quality photo of station wagon, chest2, bush, simple background, natural color, sharp object",uses only train images or deterministic placeholders as reconstruction sources; never copies test ground truth images
172,stethoscope_11s,172,stethoscope_11s,stethoscope,stethoscope_11s;chime_08s;punch2_14s;pickax_05s;slingshot_07s,4610,duct_tape_01b,duct_tape,0.13763855397701263,recons/experiments/diffusion_prompt/172.png,generated_diffusion_prompt,generated_diffusion_prompt,global_train_nearest,"a centered high quality photo of stethoscope, chime, punch2, simple background, natural color, sharp object",uses only train images or deterministic placeholders as reconstruction sources; never copies test ground truth images
173,strawberry_09n,112,meatloaf_12s,meatloaf,meatloaf_12s;croissant_06s;bread_19s;cookie_09s;pepper1_14s,8108,leotard_09s,leotard,0.15450967848300934,recons/experiments/diffusion_prompt/173.png,generated_diffusion_prompt,generated_diffusion_prompt,global_train_nearest,"a centered high quality photo of meatloaf, croissant, bread, simple background, natural color, sharp object",uses only train images or deterministic placeholders as reconstruction sources; never copies test ground truth images
174,submarine_09s,174,submarine_09s,submarine,submarine_09s;windshield_09s;balance_beam_04s;boat_01b;television_12s,5348,flashbulb_09s,flashbulb,0.14338430762290955,recons/experiments/diffusion_prompt/174.png,generated_diffusion_prompt,generated_diffusion_prompt,global_train_nearest,"a centered high quality photo of submarine, windshield, balance beam, simple background, natural color, sharp object",uses only train images or deterministic placeholders as reconstruction sources; never copies test ground truth images
175,suit_13s,44,coat_01b,coat,coat_01b;suit_13s;coverall_06s;pajamas_13s;headscarf_03s,5769,gargoyle_10s,gargoyle,0.15896166861057281,recons/experiments/diffusion_prompt/175.png,generated_diffusion_prompt,generated_diffusion_prompt,global_train_nearest,"a centered high quality photo of coat, suit, coverall, simple background, natural color, sharp object",uses only train images or deterministic placeholders as reconstruction sources; never copies test ground truth images
176,t-shirt_15s,176,t-shirt_15s,t-shirt,t-shirt_15s;coat_01b;hoodie_08s;headscarf_03s;coverall_06s,1110,bin_01b,bin,0.13101685047149658,recons/experiments/diffusion_prompt/176.png,generated_diffusion_prompt,generated_diffusion_prompt,global_train_nearest,"a centered high quality photo of t-shirt, coat, hoodie, simple background, natural color, sharp object",uses only train images or deterministic placeholders as reconstruction sources; never copies test ground truth images
177,table_07s,169,spatula_08s,spatula,spatula_08s;table_07s;backscratcher_01b;wallpaper_01b;chain_01b,16081,wetsuit_02s,wetsuit,0.14425957202911377,recons/experiments/diffusion_prompt/177.png,generated_diffusion_prompt,generated_diffusion_prompt,global_train_nearest,"a centered high quality photo of spatula, table, backscratcher, simple background, natural color, sharp object",uses only train images or deterministic placeholders as reconstruction sources; never copies test ground truth images
178,taillight_08s,178,taillight_08s,taillight,taillight_08s;tape_recorder_01b;cd_player_02s;egg_12s;sandal_03s,13013,slot_04s,slot,0.1353716254234314,recons/experiments/diffusion_prompt/178.png,generated_diffusion_prompt,generated_diffusion_prompt,global_train_nearest,"a centered high quality photo of taillight, tape recorder, cd player, simple background, natural color, sharp object",uses only train images or deterministic placeholders as reconstruction sources; never copies test ground truth images
179,tape_recorder_01b,179,tape_recorder_01b,tape_recorder,tape_recorder_01b;cd_player_02s;music_box_06s;coffeemaker_13s;tool_10s,4760,egg_roll_01b,egg_roll,0.1372048258781433,recons/experiments/diffusion_prompt/179.png,generated_diffusion_prompt,generated_diffusion_prompt,global_train_nearest,"a centered high quality photo of tape recorder, cd player, music box, simple background, natural color, sharp object",uses only train images or deterministic placeholders as reconstruction sources; never copies test ground truth images
180,television_12s,180,television_12s,television,television_12s;modem_04s;nightstand_05s;coat_01b;windshield_09s,13692,star_fruit_03s,star_fruit,0.14082619547843933,recons/experiments/diffusion_prompt/180.png,generated_diffusion_prompt,generated_diffusion_prompt,global_train_nearest,"a centered high quality photo of television, modem, nightstand, simple background, natural color, sharp object",uses only train images or deterministic placeholders as reconstruction sources; never copies test ground truth images
181,tiara_07s,181,tiara_07s,tiara,tiara_07s;glove_11s;face_mask_12s;tube_top_11s;jeep_05s,15457,turntable_08s,turntable,0.12878981232643127,recons/experiments/diffusion_prompt/181.png,generated_diffusion_prompt,generated_diffusion_prompt,global_train_nearest,"a centered high quality photo of tiara, glove, face mask, simple background, natural color, sharp object",uses only train images or deterministic placeholders as reconstruction sources; never copies test ground truth images
182,tick_06s,182,tick_06s,tick,tick_06s;mosquito_02s;grasshopper_06s;lightning_bug_11s;eagle_06s,16080,wetsuit_01b,wetsuit,0.13566449284553528,recons/experiments/diffusion_prompt/182.png,generated_diffusion_prompt,generated_diffusion_prompt,global_train_nearest,"a centered high quality photo of tick, mosquito, grasshopper, simple background, natural color, sharp object",uses only train images or deterministic placeholders as reconstruction sources; never copies test ground truth images
183,tomato_sauce_02s,183,tomato_sauce_02s,tomato_sauce,tomato_sauce_02s;creme_brulee_01b;meatloaf_12s;crumb_12s;pepper1_14s,14797,tinsel_08s,tinsel,0.13955408334732056,recons/experiments/diffusion_prompt/183.png,generated_diffusion_prompt,generated_diffusion_prompt,global_train_nearest,"a centered high quality photo of tomato sauce, creme brulee, meatloaf, simple background, natural color, sharp object",uses only train images or deterministic placeholders as reconstruction sources; never copies test ground truth images
184,tongs_12s,184,tongs_12s,tongs,tongs_12s;bullet_01s;pickax_05s;chopsticks_11s;spatula_08s,3616,corn_07s,corn,0.14024101197719574,recons/experiments/diffusion_prompt/184.png,generated_diffusion_prompt,generated_diffusion_prompt,global_train_nearest,"a centered high quality photo of tongs, bullet, pickax, simple background, natural color, sharp object",uses only train images or deterministic placeholders as reconstruction sources; never copies test ground truth images
185,tool_10s,185,tool_10s,tool,tool_10s;gondola_11s;metal_detector_02s;jukebox_01n;crib_14n,9297,nail_polish_08s,nail_polish,0.15661317110061646,recons/experiments/diffusion_prompt/185.png,generated_diffusion_prompt,generated_diffusion_prompt,global_train_nearest,"a centered high quality photo of tool, gondola, metal detector, simple background, natural color, sharp object",uses only train images or deterministic placeholders as reconstruction sources; never copies test ground truth images
186,top_hat_13s,186,top_hat_13s,top_hat,top_hat_13s;breadbox_01b;chest2_02s;bush_07s;treadmill_11s,6959,honeypot_10s,honeypot,0.13465705513954163,recons/experiments/diffusion_prompt/186.png,generated_diffusion_prompt,generated_diffusion_prompt,global_train_nearest,"a centered high quality photo of top hat, breadbox, chest2, simple background, natural color, sharp object",uses only train images or deterministic placeholders as reconstruction sources; never copies test ground truth images
187,treadmill_11s,187,treadmill_11s,treadmill,treadmill_11s;slide_04s;bench_01b;gondola_11s;cart_09s,15251,trigger_02s,trigger,0.14355391263961792,recons/experiments/diffusion_prompt/187.png,generated_diffusion_prompt,generated_diffusion_prompt,global_train_nearest,"a centered high quality photo of treadmill, slide, bench, simple background, natural color, sharp object",uses only train images or deterministic placeholders as reconstruction sources; never copies test ground truth images
188,tube_top_11s,188,tube_top_11s,tube_top,tube_top_11s;pajamas_13s;coat_01b;kneepad_12s;pocket_04s,12891,ski_boots_02s,ski_boots,0.142442986369133,recons/experiments/diffusion_prompt/188.png,generated_diffusion_prompt,generated_diffusion_prompt,global_train_nearest,"a centered high quality photo of tube top, pajamas, coat, simple background, natural color, sharp object",uses only train images or deterministic placeholders as reconstruction sources; never copies test ground truth images
189,turkey_01s,110,manatee_05s,manatee,manatee_05s;beaver_04s;gorilla_18s;pheasant_20s;gopher_09s,1808,broom_09s,broom,0.1523025929927826,recons/experiments/diffusion_prompt/189.png,generated_diffusion_prompt,generated_diffusion_prompt,global_train_nearest,"a centered high quality photo of manatee, beaver, gorilla, simple background, natural color, sharp object",uses only train images or deterministic placeholders as reconstruction sources; never copies test ground truth images
190,unicycle_10s,181,tiara_07s,tiara,tiara_07s;tick_06s;eagle_06s;unicycle_10s;hoodie_08s,15457,turntable_08s,turntable,0.12878981232643127,recons/experiments/diffusion_prompt/190.png,generated_diffusion_prompt,generated_diffusion_prompt,global_train_nearest,"a centered high quality photo of tiara, tick, eagle, simple background, natural color, sharp object",uses only train images or deterministic placeholders as reconstruction sources; never copies test ground truth images
191,vise_11s,28,calamari_01b,calamari,calamari_01b;crepe_18s;omelet_10s;croissant_06s;tomato_sauce_02s,2705,charcoal_06s,charcoal,0.20992594957351685,recons/experiments/diffusion_prompt/191.png,generated_diffusion_prompt,generated_diffusion_prompt,global_train_nearest,"a centered high quality photo of calamari, crepe, omelet, simple background, natural color, sharp object",uses only train images or deterministic placeholders as reconstruction sources; never copies test ground truth images
192,volleyball_10s,48,coffeemaker_13s,coffeemaker,coffeemaker_13s;kettle_03n;treadmill_11s;candlestick_04s;espresso_01b,2932,chipmunk_03n,chipmunk,0.1349259912967682,recons/experiments/diffusion_prompt/192.png,generated_diffusion_prompt,generated_diffusion_prompt,global_train_nearest,"a centered high quality photo of coffeemaker, kettle, treadmill, simple background, natural color, sharp object",uses only train images or deterministic placeholders as reconstruction sources; never copies test ground truth images
193,wallpaper_01b,27,bush_07s,bush,bush_07s;wallpaper_01b;rug_09s;bench_01b;meatloaf_12s,9186,mug_07s,mug,0.16769593954086304,recons/experiments/diffusion_prompt/193.png,generated_diffusion_prompt,generated_diffusion_prompt,global_train_nearest,"a centered high quality photo of bush, wallpaper, rug, simple background, natural color, sharp object",uses only train images or deterministic placeholders as reconstruction sources; never copies test ground truth images
194,walnut_02s,112,meatloaf_12s,meatloaf,meatloaf_12s;croissant_06s;omelet_10s;calamari_01b;scallop_02s,8108,leotard_09s,leotard,0.15450967848300934,recons/experiments/diffusion_prompt/194.png,generated_diffusion_prompt,generated_diffusion_prompt,global_train_nearest,"a centered high quality photo of meatloaf, croissant, omelet, simple background, natural color, sharp object",uses only train images or deterministic placeholders as reconstruction sources; never copies test ground truth images
195,wheat_05n,153,sailboat_05s,sailboat,sailboat_05s;wheat_05n;cruise_ship_03s;aircraft_carrier_06s;ferry_06s,7232,icepick_03s,icepick,0.14486685395240784,recons/experiments/diffusion_prompt/195.png,generated_diffusion_prompt,generated_diffusion_prompt,global_train_nearest,"a centered high quality photo of sailboat, wheat, cruise ship, simple background, natural color, sharp object",uses only train images or deterministic placeholders as reconstruction sources; never copies test ground truth images
196,wheelchair_02s,196,wheelchair_02s,wheelchair,wheelchair_02s;highchair_04s;sled_10s;crib_14n;chime_08s,16014,wax_paper_05s,wax_paper,0.13825403153896332,recons/experiments/diffusion_prompt/196.png,generated_diffusion_prompt,generated_diffusion_prompt,global_train_nearest,"a centered high quality photo of wheelchair, highchair, sled, simple background, natural color, sharp object",uses only train images or deterministic placeholders as reconstruction sources; never copies test ground truth images
197,windshield_09s,115,modem_04s,modem,modem_04s;windshield_09s;cd_player_02s;television_12s;coat_01b,4343,doily_04s,doily,0.1309315711259842,recons/experiments/diffusion_prompt/197.png,generated_diffusion_prompt,generated_diffusion_prompt,global_train_nearest,"a centered high quality photo of modem, windshield, cd player, simple background, natural color, sharp object",uses only train images or deterministic placeholders as reconstruction sources; never copies test ground truth images
198,wine_05s,198,wine_05s,wine,wine_05s;egg_12s;coffeemaker_13s;espresso_01b;creme_brulee_01b,8788,medal_09s,medal,0.12953270971775055,recons/experiments/diffusion_prompt/198.png,generated_diffusion_prompt,generated_diffusion_prompt,global_train_nearest,"a centered high quality photo of wine, egg, coffeemaker, simple background, natural color, sharp object",uses only train images or deterministic placeholders as reconstruction sources; never copies test ground truth images
199,wok_12s,199,wok_12s,wok,wok_12s;backscratcher_01b;dreidel_01b;pickax_05s;cleaver_07s,3719,couch_10s,couch,0.14332589507102966,recons/experiments/diffusion_prompt/199.png,generated_diffusion_prompt,generated_diffusion_prompt,global_train_nearest,"a centered high quality photo of wok, backscratcher, dreidel, simple background, natural color, sharp object",uses only train images or deterministic placeholders as reconstruction sources; never copies test ground truth images
